Workbook
Name 공급설비_이름목록: OFFSET(공급설비!$B$3,0,0,COUNTA(공급설비!$B:$B)-1,1)
Name 구조체_개구부_이름목록: OFFSET(구조체_개구부!$B$3,0,0,COUNTA(구조체_개구부!$B:$B)-1,1)
Name 구조체_면_이름목록: OFFSET(구조체_면!$B$3,0,0,COUNTA(구조체_면!$B:$B)-1,1)
Name 면_이름목록: OFFSET(면!$B$3,0,0,COUNTA(면!$B:$B)-1,1)
Name 생산설비_이름목록: OFFSET(생산설비!$B$3,0,0,COUNTA(생산설비!$B:$B)-1,1)
Name 실_이름목록: OFFSET(실!$D$3,0,0,COUNTA(실!$D:$D)-1,1)
Name 외기벽_이름목록: OFFSET(참조!$U$2,0,0,COUNTA(참조!$U$2:$U$301),1)
Name 용도프로필_목록: OFFSET('용도프로필 참조DB'!$A$2,0,0,COUNTA('용도프로필 참조DB'!$A:$A)-1,1)
Name 재료_이름목록: OFFSET(재료!$B$3,0,0,COUNTA(재료!$B:$B)-1,1)
Name 현장조사프로필_이름목록: OFFSET(참조!#REF!,0,0,COUNTA(참조!#REF!)-1,1)
Name 환기설비_이름목록: OFFSET(환기설비!$B$3,0,0,COUNTA(환기설비!$B:$B)-1,1)

Sheet 건물정보
D2: 건물명 | E2: 용도 | F2: north_axis [°] | G2: 주소 | H2: 법규적용기준지역 | I2: 지상층수 | J2: 지하층수 | K2: 허가일자 | M2: 기상데이터옵션 | N2: 기준년도
B3: 필수입력 | H3: {=INDEX(행정구역DB!$B:$F, MATCH($G3,행정구역DB!$A:$A,0), MATCH( MAX(_xlfn._xlws.FILTER( DATE(LEFT(행정구역DB!$B$1:$F$1,4),MID(행정구역DB!$B$1:$F$1,5,2),RIGHT(행정구역DB!$B$1:$F$1,2)), DATE(LEFT(행정구역DB!$B$1:$F$1,4),MID(행정구역DB!$B$1:$F$1,5,2),RIGHT(행정구역DB!$B$1:$F$1,2))<=$K3 )), DATE(LEFT(행정구역DB!$B$1:$F$1,4),MID(행정구역DB!$B$1:$F$1,5,2),RIGHT(행정구역DB!$B$1:$F$1,2)), 0 ) )} -> #N/A
B4: optional
B5: 입력불가

Sheet 실
B2: 층 | C2: 천장고 [m] | D2: 이름 | E2: 용도프로필 | F2: 조명밀도 [W/m2] | G2: 침기율 [ACH@50] | H2: 난방 공급 설비 | I2: 냉방 공급 설비 | J2: 환기 설비 | K2: 면 개수 | L2: 바닥 면적 [m2] | N2: 조명밀도_근거 | O2: 침기율_근거
H3: {=IF($D3="","",IFERROR(_xlfn.LET( _xlpm.types,공급설비!$C$3:$C$102, _xlpm.qty,공급설비!$G$3:$G$102, _xlpm.rooms,공급설비!$I$3:$I$102, _xlpm.valid,{"공조기","팬코일유닛","방열기","전기방열기","바닥난방","전기바닥난방"}, _xlpm.matched,_xlfn._xlws.FILTER(_xlpm.types,(_xlpm.rooms=$D3)*ISNUMBER(MATCH(_xlpm.types,_xlpm.valid,0))), _xlpm.uniqueTypes,_xlfn.UNIQUE(_xlpm.matched), _xlpm.nums,_xlfn.MAP(_xlpm.uniqueTypes,_xlfn.LAMBDA(_xlpm.t,SUM(_xlfn._xlws.FILTER(_xlpm.qty,(_xlpm.rooms=$D3)*(_xlpm.types=_xlpm.t))))), _xlfn.TEXTJOIN(", ",TRUE, IF( ISNUMBER(MATCH(_xlpm.uniqueTypes,{"바닥난방","전기바닥난방"},0)), _xlpm.uniqueTypes, _xlpm.uniqueTypes&"("&_xlpm.nums&")" )) ),"-"))} | I3: {=IF($D3="","",IFERROR(_xlfn.LET(_xlpm.types,공급설비!$C$3:$C$102,_xlpm.qty,공급설비!$G$3:$G$102,_xlpm.rooms,공급설비!$I$3:$I$102,_xlpm.valid,{"패키지에어컨","공조기","팬코일유닛"},_xlpm.matched,_xlfn._xlws.FILTER(_xlpm.types,(_xlpm.rooms=$D3)*ISNUMBER(MATCH(_xlpm.types,_xlpm.valid,0))),_xlpm.uniqueTypes,_xlfn.UNIQUE(_xlpm.matched),_xlfn.TEXTJOIN(", ",TRUE,_xlpm.uniqueTypes&"("&_xlfn.MAP(_xlpm.uniqueTypes,_xlfn.LAMBDA(_xlpm.t,SUM(_xlfn._xlws.FILTER(_xlpm.qty,(_xlpm.rooms=$D3)*(_xlpm.types=_xlpm.t)))))&")")),"-"))} | J3: {=IF($D3="","",IFERROR(_xlfn.TEXTJOIN(", ",TRUE,_xlfn._xlws.FILTER(환기설비!$B$3:$B$1006&IF(환기설비!$F$3:$F$1006<>"","("&환기설비!$F$3:$F$1006&")",""),환기설비!$G$3:$G$1006=$D3)),""))} | K3: =COUNTIF(면!C:C,D3)+COUNTIF(면!H:H,D3) -> 0 | L3: =SUMIFS(면!F:F, 면!C:C, D3, 면!D:D, "floor") + SUMIFS(면!F:F, 면!H:H, D3, 면!D:D, "ceiling") -> 0 | O3: 건축물대장
H4: {=IF($D4="","",IFERROR(_xlfn.LET( _xlpm.types,공급설비!$C$3:$C$102, _xlpm.qty,공급설비!$G$3:$G$102, _xlpm.rooms,공급설비!$I$3:$I$102, _xlpm.valid,{"공조기","팬코일유닛","방열기","전기방열기","바닥난방","전기바닥난방"}, _xlpm.matched,_xlfn._xlws.FILTER(_xlpm.types,(_xlpm.rooms=$D4)*ISNUMBER(MATCH(_xlpm.types,_xlpm.valid,0))), _xlpm.uniqueTypes,_xlfn.UNIQUE(_xlpm.matched), _xlpm.nums,_xlfn.MAP(_xlpm.uniqueTypes,_xlfn.LAMBDA(_xlpm.t,SUM(_xlfn._xlws.FILTER(_xlpm.qty,(_xlpm.rooms=$D4)*(_xlpm.types=_xlpm.t))))), _xlfn.TEXTJOIN(", ",TRUE, IF( ISNUMBER(MATCH(_xlpm.uniqueTypes,{"바닥난방","전기바닥난방"},0)), _xlpm.uniqueTypes, _xlpm.uniqueTypes&"("&_xlpm.nums&")" )) ),"-"))} | I4: {=IF($D4="","",IFERROR(_xlfn.LET(_xlpm.types,공급설비!$C$3:$C$102,_xlpm.qty,공급설비!$G$3:$G$102,_xlpm.rooms,공급설비!$I$3:$I$102,_xlpm.valid,{"패키지에어컨","공조기","팬코일유닛"},_xlpm.matched,_xlfn._xlws.FILTER(_xlpm.types,(_xlpm.rooms=$D4)*ISNUMBER(MATCH(_xlpm.types,_xlpm.valid,0))),_xlpm.uniqueTypes,_xlfn.UNIQUE(_xlpm.matched),_xlfn.TEXTJOIN(", ",TRUE,_xlpm.uniqueTypes&"("&_xlfn.MAP(_xlpm.uniqueTypes,_xlfn.LAMBDA(_xlpm.t,SUM(_xlfn._xlws.FILTER(_xlpm.qty,(_xlpm.rooms=$D4)*(_xlpm.types=_xlpm.t)))))&")")),"-"))} | J4: {=IF($D4="","",IFERROR(_xlfn.TEXTJOIN(", ",TRUE,_xlfn._xlws.FILTER(환기설비!$B$3:$B$1006&IF(환기설비!$F$3:$F$1006<>"","("&환기설비!$F$3:$F$1006&")",""),환기설비!$G$3:$G$1006=$D4)),""))} | K4: =COUNTIF(면!C:C,D4)+COUNTIF(면!H:H,D4) -> 0 | L4: =SUMIFS(면!F:F, 면!C:C, D4, 면!D:D, "floor") + SUMIFS(면!F:F, 면!H:H, D4, 면!D:D, "ceiling") -> 0
H5: {=IF($D5="","",IFERROR(_xlfn.LET( _xlpm.types,공급설비!$C$3:$C$102, _xlpm.qty,공급설비!$G$3:$G$102, _xlpm.rooms,공급설비!$I$3:$I$102, _xlpm.valid,{"공조기","팬코일유닛","방열기","전기방열기","바닥난방","전기바닥난방"}, _xlpm.matched,_xlfn._xlws.FILTER(_xlpm.types,(_xlpm.rooms=$D5)*ISNUMBER(MATCH(_xlpm.types,_xlpm.valid,0))), _xlpm.uniqueTypes,_xlfn.UNIQUE(_xlpm.matched), _xlpm.nums,_xlfn.MAP(_xlpm.uniqueTypes,_xlfn.LAMBDA(_xlpm.t,SUM(_xlfn._xlws.FILTER(_xlpm.qty,(_xlpm.rooms=$D5)*(_xlpm.types=_xlpm.t))))), _xlfn.TEXTJOIN(", ",TRUE, IF( ISNUMBER(MATCH(_xlpm.uniqueTypes,{"바닥난방","전기바닥난방"},0)), _xlpm.uniqueTypes, _xlpm.uniqueTypes&"("&_xlpm.nums&")" )) ),"-"))} | I5: {=IF($D5="","",IFERROR(_xlfn.LET(_xlpm.types,공급설비!$C$3:$C$102,_xlpm.qty,공급설비!$G$3:$G$102,_xlpm.rooms,공급설비!$I$3:$I$102,_xlpm.valid,{"패키지에어컨","공조기","팬코일유닛"},_xlpm.matched,_xlfn._xlws.FILTER(_xlpm.types,(_xlpm.rooms=$D5)*ISNUMBER(MATCH(_xlpm.types,_xlpm.valid,0))),_xlpm.uniqueTypes,_xlfn.UNIQUE(_xlpm.matched),_xlfn.TEXTJOIN(", ",TRUE,_xlpm.uniqueTypes&"("&_xlfn.MAP(_xlpm.uniqueTypes,_xlfn.LAMBDA(_xlpm.t,SUM(_xlfn._xlws.FILTER(_xlpm.qty,(_xlpm.rooms=$D5)*(_xlpm.types=_xlpm.t)))))&")")),"-"))} | J5: {=IF($D5="","",IFERROR(_xlfn.TEXTJOIN(", ",TRUE,_xlfn._xlws.FILTER(환기설비!$B$3:$B$1006&IF(환기설비!$F$3:$F$1006<>"","("&환기설비!$F$3:$F$1006&")",""),환기설비!$G$3:$G$1006=$D5)),""))} | K5: =COUNTIF(면!C:C,D5)+COUNTIF(면!H:H,D5) -> 0 | L5: =SUMIFS(면!F:F, 면!C:C, D5, 면!D:D, "floor") + SUMIFS(면!F:F, 면!H:H, D5, 면!D:D, "ceiling") -> 0
H6: {=IF($D6="","",IFERROR(_xlfn.LET( _xlpm.types,공급설비!$C$3:$C$102, _xlpm.qty,공급설비!$G$3:$G$102, _xlpm.rooms,공급설비!$I$3:$I$102, _xlpm.valid,{"공조기","팬코일유닛","방열기","전기방열기","바닥난방","전기바닥난방"}, _xlpm.matched,_xlfn._xlws.FILTER(_xlpm.types,(_xlpm.rooms=$D6)*ISNUMBER(MATCH(_xlpm.types,_xlpm.valid,0))), _xlpm.uniqueTypes,_xlfn.UNIQUE(_xlpm.matched), _xlpm.nums,_xlfn.MAP(_xlpm.uniqueTypes,_xlfn.LAMBDA(_xlpm.t,SUM(_xlfn._xlws.FILTER(_xlpm.qty,(_xlpm.rooms=$D6)*(_xlpm.types=_xlpm.t))))), _xlfn.TEXTJOIN(", ",TRUE, IF( ISNUMBER(MATCH(_xlpm.uniqueTypes,{"바닥난방","전기바닥난방"},0)), _xlpm.uniqueTypes, _xlpm.uniqueTypes&"("&_xlpm.nums&")" )) ),"-"))} | I6: {=IF($D6="","",IFERROR(_xlfn.LET(_xlpm.types,공급설비!$C$3:$C$102,_xlpm.qty,공급설비!$G$3:$G$102,_xlpm.rooms,공급설비!$I$3:$I$102,_xlpm.valid,{"패키지에어컨","공조기","팬코일유닛"},_xlpm.matched,_xlfn._xlws.FILTER(_xlpm.types,(_xlpm.rooms=$D6)*ISNUMBER(MATCH(_xlpm.types,_xlpm.valid,0))),_xlpm.uniqueTypes,_xlfn.UNIQUE(_xlpm.matched),_xlfn.TEXTJOIN(", ",TRUE,_xlpm.uniqueTypes&"("&_xlfn.MAP(_xlpm.uniqueTypes,_xlfn.LAMBDA(_xlpm.t,SUM(_xlfn._xlws.FILTER(_xlpm.qty,(_xlpm.rooms=$D6)*(_xlpm.types=_xlpm.t)))))&")")),"-"))} | J6: {=IF($D6="","",IFERROR(_xlfn.TEXTJOIN(", ",TRUE,_xlfn._xlws.FILTER(환기설비!$B$3:$B$1006&IF(환기설비!$F$3:$F$1006<>"","("&환기설비!$F$3:$F$1006&")",""),환기설비!$G$3:$G$1006=$D6)),""))} | K6: =COUNTIF(면!C:C,D6)+COUNTIF(면!H:H,D6) -> 0 | L6: =SUMIFS(면!F:F, 면!C:C, D6, 면!D:D, "floor") + SUMIFS(면!F:F, 면!H:H, D6, 면!D:D, "ceiling") -> 0
H7: {=IF($D7="","",IFERROR(_xlfn.LET( _xlpm.types,공급설비!$C$3:$C$102, _xlpm.qty,공급설비!$G$3:$G$102, _xlpm.rooms,공급설비!$I$3:$I$102, _xlpm.valid,{"공조기","팬코일유닛","방열기","전기방열기","바닥난방","전기바닥난방"}, _xlpm.matched,_xlfn._xlws.FILTER(_xlpm.types,(_xlpm.rooms=$D7)*ISNUMBER(MATCH(_xlpm.types,_xlpm.valid,0))), _xlpm.uniqueTypes,_xlfn.UNIQUE(_xlpm.matched), _xlpm.nums,_xlfn.MAP(_xlpm.uniqueTypes,_xlfn.LAMBDA(_xlpm.t,SUM(_xlfn._xlws.FILTER(_xlpm.qty,(_xlpm.rooms=$D7)*(_xlpm.types=_xlpm.t))))), _xlfn.TEXTJOIN(", ",TRUE, IF( ISNUMBER(MATCH(_xlpm.uniqueTypes,{"바닥난방","전기바닥난방"},0)), _xlpm.uniqueTypes, _xlpm.uniqueTypes&"("&_xlpm.nums&")" )) ),"-"))} | I7: {=IF($D7="","",IFERROR(_xlfn.LET(_xlpm.types,공급설비!$C$3:$C$102,_xlpm.qty,공급설비!$G$3:$G$102,_xlpm.rooms,공급설비!$I$3:$I$102,_xlpm.valid,{"패키지에어컨","공조기","팬코일유닛"},_xlpm.matched,_xlfn._xlws.FILTER(_xlpm.types,(_xlpm.rooms=$D7)*ISNUMBER(MATCH(_xlpm.types,_xlpm.valid,0))),_xlpm.uniqueTypes,_xlfn.UNIQUE(_xlpm.matched),_xlfn.TEXTJOIN(", ",TRUE,_xlpm.uniqueTypes&"("&_xlfn.MAP(_xlpm.uniqueTypes,_xlfn.LAMBDA(_xlpm.t,SUM(_xlfn._xlws.FILTER(_xlpm.qty,(_xlpm.rooms=$D7)*(_xlpm.types=_xlpm.t)))))&")")),"-"))} | J7: {=IF($D7="","",IFERROR(_xlfn.TEXTJOIN(", ",TRUE,_xlfn._xlws.FILTER(환기설비!$B$3:$B$1006&IF(환기설비!$F$3:$F$1006<>"","("&환기설비!$F$3:$F$1006&")",""),환기설비!$G$3:$G$1006=$D7)),""))} | K7: =COUNTIF(면!C:C,D7)+COUNTIF(면!H:H,D7) -> 0 | L7: =SUMIFS(면!F:F, 면!C:C, D7, 면!D:D, "floor") + SUMIFS(면!F:F, 면!H:H, D7, 면!D:D, "ceiling") -> 0
H8: {=IF($D8="","",IFERROR(_xlfn.LET( _xlpm.types,공급설비!$C$3:$C$102, _xlpm.qty,공급설비!$G$3:$G$102, _xlpm.rooms,공급설비!$I$3:$I$102, _xlpm.valid,{"공조기","팬코일유닛","방열기","전기방열기","바닥난방","전기바닥난방"}, _xlpm.matched,_xlfn._xlws.FILTER(_xlpm.types,(_xlpm.rooms=$D8)*ISNUMBER(MATCH(_xlpm.types,_xlpm.valid,0))), _xlpm.uniqueTypes,_xlfn.UNIQUE(_xlpm.matched), _xlpm.nums,_xlfn.MAP(_xlpm.uniqueTypes,_xlfn.LAMBDA(_xlpm.t,SUM(_xlfn._xlws.FILTER(_xlpm.qty,(_xlpm.rooms=$D8)*(_xlpm.types=_xlpm.t))))), _xlfn.TEXTJOIN(", ",TRUE, IF( ISNUMBER(MATCH(_xlpm.uniqueTypes,{"바닥난방","전기바닥난방"},0)), _xlpm.uniqueTypes, _xlpm.uniqueTypes&"("&_xlpm.nums&")" )) ),"-"))} | I8: {=IF($D8="","",IFERROR(_xlfn.LET(_xlpm.types,공급설비!$C$3:$C$102,_xlpm.qty,공급설비!$G$3:$G$102,_xlpm.rooms,공급설비!$I$3:$I$102,_xlpm.valid,{"패키지에어컨","공조기","팬코일유닛"},_xlpm.matched,_xlfn._xlws.FILTER(_xlpm.types,(_xlpm.rooms=$D8)*ISNUMBER(MATCH(_xlpm.types,_xlpm.valid,0))),_xlpm.uniqueTypes,_xlfn.UNIQUE(_xlpm.matched),_xlfn.TEXTJOIN(", ",TRUE,_xlpm.uniqueTypes&"("&_xlfn.MAP(_xlpm.uniqueTypes,_xlfn.LAMBDA(_xlpm.t,SUM(_xlfn._xlws.FILTER(_xlpm.qty,(_xlpm.rooms=$D8)*(_xlpm.types=_xlpm.t)))))&")")),"-"))} | J8: {=IF($D8="","",IFERROR(_xlfn.TEXTJOIN(", ",TRUE,_xlfn._xlws.FILTER(환기설비!$B$3:$B$1006&IF(환기설비!$F$3:$F$1006<>"","("&환기설비!$F$3:$F$1006&")",""),환기설비!$G$3:$G$1006=$D8)),""))} | K8: =COUNTIF(면!C:C,D8)+COUNTIF(면!H:H,D8) -> 0 | L8: =SUMIFS(면!F:F, 면!C:C, D8, 면!D:D, "floor") + SUMIFS(면!F:F, 면!H:H, D8, 면!D:D, "ceiling") -> 0
H9: {=IF($D9="","",IFERROR(_xlfn.LET( _xlpm.types,공급설비!$C$3:$C$102, _xlpm.qty,공급설비!$G$3:$G$102, _xlpm.rooms,공급설비!$I$3:$I$102, _xlpm.valid,{"공조기","팬코일유닛","방열기","전기방열기","바닥난방","전기바닥난방"}, _xlpm.matched,_xlfn._xlws.FILTER(_xlpm.types,(_xlpm.rooms=$D9)*ISNUMBER(MATCH(_xlpm.types,_xlpm.valid,0))), _xlpm.uniqueTypes,_xlfn.UNIQUE(_xlpm.matched), _xlpm.nums,_xlfn.MAP(_xlpm.uniqueTypes,_xlfn.LAMBDA(_xlpm.t,SUM(_xlfn._xlws.FILTER(_xlpm.qty,(_xlpm.rooms=$D9)*(_xlpm.types=_xlpm.t))))), _xlfn.TEXTJOIN(", ",TRUE, IF( ISNUMBER(MATCH(_xlpm.uniqueTypes,{"바닥난방","전기바닥난방"},0)), _xlpm.uniqueTypes, _xlpm.uniqueTypes&"("&_xlpm.nums&")" )) ),"-"))} | I9: {=IF($D9="","",IFERROR(_xlfn.LET(_xlpm.types,공급설비!$C$3:$C$102,_xlpm.qty,공급설비!$G$3:$G$102,_xlpm.rooms,공급설비!$I$3:$I$102,_xlpm.valid,{"패키지에어컨","공조기","팬코일유닛"},_xlpm.matched,_xlfn._xlws.FILTER(_xlpm.types,(_xlpm.rooms=$D9)*ISNUMBER(MATCH(_xlpm.types,_xlpm.valid,0))),_xlpm.uniqueTypes,_xlfn.UNIQUE(_xlpm.matched),_xlfn.TEXTJOIN(", ",TRUE,_xlpm.uniqueTypes&"("&_xlfn.MAP(_xlpm.uniqueTypes,_xlfn.LAMBDA(_xlpm.t,SUM(_xlfn._xlws.FILTER(_xlpm.qty,(_xlpm.rooms=$D9)*(_xlpm.types=_xlpm.t)))))&")")),"-"))} | J9: {=IF($D9="","",IFERROR(_xlfn.TEXTJOIN(", ",TRUE,_xlfn._xlws.FILTER(환기설비!$B$3:$B$1006&IF(환기설비!$F$3:$F$1006<>"","("&환기설비!$F$3:$F$1006&")",""),환기설비!$G$3:$G$1006=$D9)),""))} | K9: =COUNTIF(면!C:C,D9)+COUNTIF(면!H:H,D9) -> 0 | L9: =SUMIFS(면!F:F, 면!C:C, D9, 면!D:D, "floor") + SUMIFS(면!F:F, 면!H:H, D9, 면!D:D, "ceiling") -> 0
H10: {=IF($D10="","",IFERROR(_xlfn.LET( _xlpm.types,공급설비!$C$3:$C$102, _xlpm.qty,공급설비!$G$3:$G$102, _xlpm.rooms,공급설비!$I$3:$I$102, _xlpm.valid,{"공조기","팬코일유닛","방열기","전기방열기","바닥난방","전기바닥난방"}, _xlpm.matched,_xlfn._xlws.FILTER(_xlpm.types,(_xlpm.rooms=$D10)*ISNUMBER(MATCH(_xlpm.types,_xlpm.valid,0))), _xlpm.uniqueTypes,_xlfn.UNIQUE(_xlpm.matched), _xlpm.nums,_xlfn.MAP(_xlpm.uniqueTypes,_xlfn.LAMBDA(_xlpm.t,SUM(_xlfn._xlws.FILTER(_xlpm.qty,(_xlpm.rooms=$D10)*(_xlpm.types=_xlpm.t))))), _xlfn.TEXTJOIN(", ",TRUE, IF( ISNUMBER(MATCH(_xlpm.uniqueTypes,{"바닥난방","전기바닥난방"},0)), _xlpm.uniqueTypes, _xlpm.uniqueTypes&"("&_xlpm.nums&")" )) ),"-"))} | I10: {=IF($D10="","",IFERROR(_xlfn.LET(_xlpm.types,공급설비!$C$3:$C$102,_xlpm.qty,공급설비!$G$3:$G$102,_xlpm.rooms,공급설비!$I$3:$I$102,_xlpm.valid,{"패키지에어컨","공조기","팬코일유닛"},_xlpm.matched,_xlfn._xlws.FILTER(_xlpm.types,(_xlpm.rooms=$D10)*ISNUMBER(MATCH(_xlpm.types,_xlpm.valid,0))),_xlpm.uniqueTypes,_xlfn.UNIQUE(_xlpm.matched),_xlfn.TEXTJOIN(", ",TRUE,_xlpm.uniqueTypes&"("&_xlfn.MAP(_xlpm.uniqueTypes,_xlfn.LAMBDA(_xlpm.t,SUM(_xlfn._xlws.FILTER(_xlpm.qty,(_xlpm.rooms=$D10)*(_xlpm.types=_xlpm.t)))))&")")),"-"))} | J10: {=IF($D10="","",IFERROR(_xlfn.TEXTJOIN(", ",TRUE,_xlfn._xlws.FILTER(환기설비!$B$3:$B$1006&IF(환기설비!$F$3:$F$1006<>"","("&환기설비!$F$3:$F$1006&")",""),환기설비!$G$3:$G$1006=$D10)),""))} | K10: =COUNTIF(면!C:C,D10)+COUNTIF(면!H:H,D10) -> 0 | L10: =SUMIFS(면!F:F, 면!C:C, D10, 면!D:D, "floor") + SUMIFS(면!F:F, 면!H:H, D10, 면!D:D, "ceiling") -> 0
H11: {=IF($D11="","",IFERROR(_xlfn.LET( _xlpm.types,공급설비!$C$3:$C$102, _xlpm.qty,공급설비!$G$3:$G$102, _xlpm.rooms,공급설비!$I$3:$I$102, _xlpm.valid,{"공조기","팬코일유닛","방열기","전기방열기","바닥난방","전기바닥난방"}, _xlpm.matched,_xlfn._xlws.FILTER(_xlpm.types,(_xlpm.rooms=$D11)*ISNUMBER(MATCH(_xlpm.types,_xlpm.valid,0))), _xlpm.uniqueTypes,_xlfn.UNIQUE(_xlpm.matched), _xlpm.nums,_xlfn.MAP(_xlpm.uniqueTypes,_xlfn.LAMBDA(_xlpm.t,SUM(_xlfn._xlws.FILTER(_xlpm.qty,(_xlpm.rooms=$D11)*(_xlpm.types=_xlpm.t))))), _xlfn.TEXTJOIN(", ",TRUE, IF( ISNUMBER(MATCH(_xlpm.uniqueTypes,{"바닥난방","전기바닥난방"},0)), _xlpm.uniqueTypes, _xlpm.uniqueTypes&"("&_xlpm.nums&")" )) ),"-"))} | I11: {=IF($D11="","",IFERROR(_xlfn.LET(_xlpm.types,공급설비!$C$3:$C$102,_xlpm.qty,공급설비!$G$3:$G$102,_xlpm.rooms,공급설비!$I$3:$I$102,_xlpm.valid,{"패키지에어컨","공조기","팬코일유닛"},_xlpm.matched,_xlfn._xlws.FILTER(_xlpm.types,(_xlpm.rooms=$D11)*ISNUMBER(MATCH(_xlpm.types,_xlpm.valid,0))),_xlpm.uniqueTypes,_xlfn.UNIQUE(_xlpm.matched),_xlfn.TEXTJOIN(", ",TRUE,_xlpm.uniqueTypes&"("&_xlfn.MAP(_xlpm.uniqueTypes,_xlfn.LAMBDA(_xlpm.t,SUM(_xlfn._xlws.FILTER(_xlpm.qty,(_xlpm.rooms=$D11)*(_xlpm.types=_xlpm.t)))))&")")),"-"))} | J11: {=IF($D11="","",IFERROR(_xlfn.TEXTJOIN(", ",TRUE,_xlfn._xlws.FILTER(환기설비!$B$3:$B$1006&IF(환기설비!$F$3:$F$1006<>"","("&환기설비!$F$3:$F$1006&")",""),환기설비!$G$3:$G$1006=$D11)),""))} | K11: =COUNTIF(면!C:C,D11)+COUNTIF(면!H:H,D11) -> 0 | L11: =SUMIFS(면!F:F, 면!C:C, D11, 면!D:D, "floor") + SUMIFS(면!F:F, 면!H:H, D11, 면!D:D, "ceiling") -> 0
H12: {=IF($D12="","",IFERROR(_xlfn.LET( _xlpm.types,공급설비!$C$3:$C$102, _xlpm.qty,공급설비!$G$3:$G$102, _xlpm.rooms,공급설비!$I$3:$I$102, _xlpm.valid,{"공조기","팬코일유닛","방열기","전기방열기","바닥난방","전기바닥난방"}, _xlpm.matched,_xlfn._xlws.FILTER(_xlpm.types,(_xlpm.rooms=$D12)*ISNUMBER(MATCH(_xlpm.types,_xlpm.valid,0))), _xlpm.uniqueTypes,_xlfn.UNIQUE(_xlpm.matched), _xlpm.nums,_xlfn.MAP(_xlpm.uniqueTypes,_xlfn.LAMBDA(_xlpm.t,SUM(_xlfn._xlws.FILTER(_xlpm.qty,(_xlpm.rooms=$D12)*(_xlpm.types=_xlpm.t))))), _xlfn.TEXTJOIN(", ",TRUE, IF( ISNUMBER(MATCH(_xlpm.uniqueTypes,{"바닥난방","전기바닥난방"},0)), _xlpm.uniqueTypes, _xlpm.uniqueTypes&"("&_xlpm.nums&")" )) ),"-"))} | I12: {=IF($D12="","",IFERROR(_xlfn.LET(_xlpm.types,공급설비!$C$3:$C$102,_xlpm.qty,공급설비!$G$3:$G$102,_xlpm.rooms,공급설비!$I$3:$I$102,_xlpm.valid,{"패키지에어컨","공조기","팬코일유닛"},_xlpm.matched,_xlfn._xlws.FILTER(_xlpm.types,(_xlpm.rooms=$D12)*ISNUMBER(MATCH(_xlpm.types,_xlpm.valid,0))),_xlpm.uniqueTypes,_xlfn.UNIQUE(_xlpm.matched),_xlfn.TEXTJOIN(", ",TRUE,_xlpm.uniqueTypes&"("&_xlfn.MAP(_xlpm.uniqueTypes,_xlfn.LAMBDA(_xlpm.t,SUM(_xlfn._xlws.FILTER(_xlpm.qty,(_xlpm.rooms=$D12)*(_xlpm.types=_xlpm.t)))))&")")),"-"))} | J12: {=IF($D12="","",IFERROR(_xlfn.TEXTJOIN(", ",TRUE,_xlfn._xlws.FILTER(환기설비!$B$3:$B$1006&IF(환기설비!$F$3:$F$1006<>"","("&환기설비!$F$3:$F$1006&")",""),환기설비!$G$3:$G$1006=$D12)),""))} | K12: =COUNTIF(면!C:C,D12)+COUNTIF(면!H:H,D12) -> 0 | L12: =SUMIFS(면!F:F, 면!C:C, D12, 면!D:D, "floor") + SUMIFS(면!F:F, 면!H:H, D12, 면!D:D, "ceiling") -> 0
H13: {=IF($D13="","",IFERROR(_xlfn.LET( _xlpm.types,공급설비!$C$3:$C$102, _xlpm.qty,공급설비!$G$3:$G$102, _xlpm.rooms,공급설비!$I$3:$I$102, _xlpm.valid,{"공조기","팬코일유닛","방열기","전기방열기","바닥난방","전기바닥난방"}, _xlpm.matched,_xlfn._xlws.FILTER(_xlpm.types,(_xlpm.rooms=$D13)*ISNUMBER(MATCH(_xlpm.types,_xlpm.valid,0))), _xlpm.uniqueTypes,_xlfn.UNIQUE(_xlpm.matched), _xlpm.nums,_xlfn.MAP(_xlpm.uniqueTypes,_xlfn.LAMBDA(_xlpm.t,SUM(_xlfn._xlws.FILTER(_xlpm.qty,(_xlpm.rooms=$D13)*(_xlpm.types=_xlpm.t))))), _xlfn.TEXTJOIN(", ",TRUE, IF( ISNUMBER(MATCH(_xlpm.uniqueTypes,{"바닥난방","전기바닥난방"},0)), _xlpm.uniqueTypes, _xlpm.uniqueTypes&"("&_xlpm.nums&")" )) ),"-"))} | I13: {=IF($D13="","",IFERROR(_xlfn.LET(_xlpm.types,공급설비!$C$3:$C$102,_xlpm.qty,공급설비!$G$3:$G$102,_xlpm.rooms,공급설비!$I$3:$I$102,_xlpm.valid,{"패키지에어컨","공조기","팬코일유닛"},_xlpm.matched,_xlfn._xlws.FILTER(_xlpm.types,(_xlpm.rooms=$D13)*ISNUMBER(MATCH(_xlpm.types,_xlpm.valid,0))),_xlpm.uniqueTypes,_xlfn.UNIQUE(_xlpm.matched),_xlfn.TEXTJOIN(", ",TRUE,_xlpm.uniqueTypes&"("&_xlfn.MAP(_xlpm.uniqueTypes,_xlfn.LAMBDA(_xlpm.t,SUM(_xlfn._xlws.FILTER(_xlpm.qty,(_xlpm.rooms=$D13)*(_xlpm.types=_xlpm.t)))))&")")),"-"))} | J13: {=IF($D13="","",IFERROR(_xlfn.TEXTJOIN(", ",TRUE,_xlfn._xlws.FILTER(환기설비!$B$3:$B$1006&IF(환기설비!$F$3:$F$1006<>"","("&환기설비!$F$3:$F$1006&")",""),환기설비!$G$3:$G$1006=$D13)),""))} | K13: =COUNTIF(면!C:C,D13)+COUNTIF(면!H:H,D13) -> 0 | L13: =SUMIFS(면!F:F, 면!C:C, D13, 면!D:D, "floor") + SUMIFS(면!F:F, 면!H:H, D13, 면!D:D, "ceiling") -> 0
H14: {=IF($D14="","",IFERROR(_xlfn.LET( _xlpm.types,공급설비!$C$3:$C$102, _xlpm.qty,공급설비!$G$3:$G$102, _xlpm.rooms,공급설비!$I$3:$I$102, _xlpm.valid,{"공조기","팬코일유닛","방열기","전기방열기","바닥난방","전기바닥난방"}, _xlpm.matched,_xlfn._xlws.FILTER(_xlpm.types,(_xlpm.rooms=$D14)*ISNUMBER(MATCH(_xlpm.types,_xlpm.valid,0))), _xlpm.uniqueTypes,_xlfn.UNIQUE(_xlpm.matched), _xlpm.nums,_xlfn.MAP(_xlpm.uniqueTypes,_xlfn.LAMBDA(_xlpm.t,SUM(_xlfn._xlws.FILTER(_xlpm.qty,(_xlpm.rooms=$D14)*(_xlpm.types=_xlpm.t))))), _xlfn.TEXTJOIN(", ",TRUE, IF( ISNUMBER(MATCH(_xlpm.uniqueTypes,{"바닥난방","전기바닥난방"},0)), _xlpm.uniqueTypes, _xlpm.uniqueTypes&"("&_xlpm.nums&")" )) ),"-"))} | I14: {=IF($D14="","",IFERROR(_xlfn.LET(_xlpm.types,공급설비!$C$3:$C$102,_xlpm.qty,공급설비!$G$3:$G$102,_xlpm.rooms,공급설비!$I$3:$I$102,_xlpm.valid,{"패키지에어컨","공조기","팬코일유닛"},_xlpm.matched,_xlfn._xlws.FILTER(_xlpm.types,(_xlpm.rooms=$D14)*ISNUMBER(MATCH(_xlpm.types,_xlpm.valid,0))),_xlpm.uniqueTypes,_xlfn.UNIQUE(_xlpm.matched),_xlfn.TEXTJOIN(", ",TRUE,_xlpm.uniqueTypes&"("&_xlfn.MAP(_xlpm.uniqueTypes,_xlfn.LAMBDA(_xlpm.t,SUM(_xlfn._xlws.FILTER(_xlpm.qty,(_xlpm.rooms=$D14)*(_xlpm.types=_xlpm.t)))))&")")),"-"))} | J14: {=IF($D14="","",IFERROR(_xlfn.TEXTJOIN(", ",TRUE,_xlfn._xlws.FILTER(환기설비!$B$3:$B$1006&IF(환기설비!$F$3:$F$1006<>"","("&환기설비!$F$3:$F$1006&")",""),환기설비!$G$3:$G$1006=$D14)),""))} | K14: =COUNTIF(면!C:C,D14)+COUNTIF(면!H:H,D14) -> 0 | L14: =SUMIFS(면!F:F, 면!C:C, D14, 면!D:D, "floor") + SUMIFS(면!F:F, 면!H:H, D14, 면!D:D, "ceiling") -> 0
H15: {=IF($D15="","",IFERROR(_xlfn.LET( _xlpm.types,공급설비!$C$3:$C$102, _xlpm.qty,공급설비!$G$3:$G$102, _xlpm.rooms,공급설비!$I$3:$I$102, _xlpm.valid,{"공조기","팬코일유닛","방열기","전기방열기","바닥난방","전기바닥난방"}, _xlpm.matched,_xlfn._xlws.FILTER(_xlpm.types,(_xlpm.rooms=$D15)*ISNUMBER(MATCH(_xlpm.types,_xlpm.valid,0))), _xlpm.uniqueTypes,_xlfn.UNIQUE(_xlpm.matched), _xlpm.nums,_xlfn.MAP(_xlpm.uniqueTypes,_xlfn.LAMBDA(_xlpm.t,SUM(_xlfn._xlws.FILTER(_xlpm.qty,(_xlpm.rooms=$D15)*(_xlpm.types=_xlpm.t))))), _xlfn.TEXTJOIN(", ",TRUE, IF( ISNUMBER(MATCH(_xlpm.uniqueTypes,{"바닥난방","전기바닥난방"},0)), _xlpm.uniqueTypes, _xlpm.uniqueTypes&"("&_xlpm.nums&")" )) ),"-"))} | I15: {=IF($D15="","",IFERROR(_xlfn.LET(_xlpm.types,공급설비!$C$3:$C$102,_xlpm.qty,공급설비!$G$3:$G$102,_xlpm.rooms,공급설비!$I$3:$I$102,_xlpm.valid,{"패키지에어컨","공조기","팬코일유닛"},_xlpm.matched,_xlfn._xlws.FILTER(_xlpm.types,(_xlpm.rooms=$D15)*ISNUMBER(MATCH(_xlpm.types,_xlpm.valid,0))),_xlpm.uniqueTypes,_xlfn.UNIQUE(_xlpm.matched),_xlfn.TEXTJOIN(", ",TRUE,_xlpm.uniqueTypes&"("&_xlfn.MAP(_xlpm.uniqueTypes,_xlfn.LAMBDA(_xlpm.t,SUM(_xlfn._xlws.FILTER(_xlpm.qty,(_xlpm.rooms=$D15)*(_xlpm.types=_xlpm.t)))))&")")),"-"))} | J15: {=IF($D15="","",IFERROR(_xlfn.TEXTJOIN(", ",TRUE,_xlfn._xlws.FILTER(환기설비!$B$3:$B$1006&IF(환기설비!$F$3:$F$1006<>"","("&환기설비!$F$3:$F$1006&")",""),환기설비!$G$3:$G$1006=$D15)),""))} | K15: =COUNTIF(면!C:C,D15)+COUNTIF(면!H:H,D15) -> 0 | L15: =SUMIFS(면!F:F, 면!C:C, D15, 면!D:D, "floor") + SUMIFS(면!F:F, 면!H:H, D15, 면!D:D, "ceiling") -> 0
... H81: {=IF($D81="","",IFERROR(_xlfn.LET( _xlpm.types,공급설비!$C$3:$C$102, _xlpm.qty,공급설비!$G$3:$G$102, _xlpm.rooms,공급설비!$I$3:$I$102, _xlpm.valid,{"공조기","팬코일유닛","방열기","전기방열기","바닥난방","전기바닥난방"}, _xlpm.matched,_xlfn._xlws.FILTER(_xlpm.types,(_xlpm.rooms=$D81)*ISNUMBER(MATCH(_xlpm.types,_xlpm.valid,0))), _xlpm.uniqueTypes,_xlfn.UNIQUE(_xlpm.matched), _xlpm.nums,_xlfn.MAP(_xlpm.uniqueTypes,_xlfn.LAMBDA(_xlpm.t,SUM(_xlfn._xlws.FILTER(_xlpm.qty,(_xlpm.rooms=$D81)*(_xlpm.types=_xlpm.t))))), _xlfn.TEXTJOIN(", ",TRUE, IF( ISNUMBER(MATCH(_xlpm.uniqueTypes,{"바닥난방","전기바닥난방"},0)), _xlpm.uniqueTypes, _xlpm.uniqueTypes&"("&_xlpm.nums&")" )) ),"-"))} | I81: {=IF($D81="","",IFERROR(_xlfn.LET(_xlpm.types,공급설비!$C$3:$C$102,_xlpm.qty,공급설비!$G$3:$G$102,_xlpm.rooms,공급설비!$I$3:$I$102,_xlpm.valid,{"패키지에어컨","공조기","팬코일유닛"},_xlpm.matched,_xlfn._xlws.FILTER(_xlpm.types,(_xlpm.rooms=$D81)*ISNUMBER(MATCH(_xlpm.types,_xlpm.valid,0))),_xlpm.uniqueTypes,_xlfn.UNIQUE(_xlpm.matched),_xlfn.TEXTJOIN(", ",TRUE,_xlpm.uniqueTypes&"("&_xlfn.MAP(_xlpm.uniqueTypes,_xlfn.LAMBDA(_xlpm.t,SUM(_xlfn._xlws.FILTER(_xlpm.qty,(_xlpm.rooms=$D81)*(_xlpm.types=_xlpm.t)))))&")")),"-"))} | J81: {=IF($D81="","",IFERROR(_xlfn.TEXTJOIN(", ",TRUE,_xlfn._xlws.FILTER(환기설비!$B$3:$B$1006&IF(환기설비!$F$3:$F$1006<>"","("&환기설비!$F$3:$F$1006&")",""),환기설비!$G$3:$G$1006=$D81)),""))} | K81: =COUNTIF(면!C:C,D81)+COUNTIF(면!H:H,D81) -> 0 | L81: =SUMIFS(면!F:F, 면!C:C, D81, 면!D:D, "floor") + SUMIFS(면!F:F, 면!H:H, D81, 면!D:D, "ceiling") -> 0

Sheet 면
B2: 이름 | C2: 소속 실 | D2: 유형 | E2: 경계조건 | F2: 면적 [m2] | G2: 향 [°] | H2: 인접존 이름 | I2: 구조체 이름 | J2: 쿨루프 반사율 [%] | K2: 소속실 층 | L2: 창문 개수 | M2: 문 개수 | O2: 형상_근거 | P2: 구조체_근거 | Q2: 쿨루프_근거
K3: =IF(C3="","",_xlfn.XLOOKUP(C3,실!$D:$D,실!$B:$B,"")) | L3: =COUNTIFS(개구부!C:C, B3, 개구부!D:D, "window") -> 0 | M3: =COUNTIFS(개구부!C:C, B3, 개구부!D:D, "<>window") -> 0 | P3: =구조체_면!O3 -> 0
K4: =IF(C4="","",_xlfn.XLOOKUP(C4,실!$D:$D,실!$B:$B,"")) | L4: =COUNTIFS(개구부!C:C, B4, 개구부!D:D, "window") -> 0 | M4: =COUNTIFS(개구부!C:C, B4, 개구부!D:D, "<>window") -> 0
K5: =IF(C5="","",_xlfn.XLOOKUP(C5,실!$D:$D,실!$B:$B,"")) | L5: =COUNTIFS(개구부!C:C, B5, 개구부!D:D, "window") -> 0 | M5: =COUNTIFS(개구부!C:C, B5, 개구부!D:D, "<>window") -> 0
K6: =IF(C6="","",_xlfn.XLOOKUP(C6,실!$D:$D,실!$B:$B,"")) | L6: =COUNTIFS(개구부!C:C, B6, 개구부!D:D, "window") -> 0 | M6: =COUNTIFS(개구부!C:C, B6, 개구부!D:D, "<>window") -> 0
K7: =IF(C7="","",_xlfn.XLOOKUP(C7,실!$D:$D,실!$B:$B,"")) | L7: =COUNTIFS(개구부!C:C, B7, 개구부!D:D, "window") -> 0 | M7: =COUNTIFS(개구부!C:C, B7, 개구부!D:D, "<>window") -> 0
K8: =IF(C8="","",_xlfn.XLOOKUP(C8,실!$D:$D,실!$B:$B,"")) | L8: =COUNTIFS(개구부!C:C, B8, 개구부!D:D, "window") -> 0 | M8: =COUNTIFS(개구부!C:C, B8, 개구부!D:D, "<>window") -> 0
K9: =IF(C9="","",_xlfn.XLOOKUP(C9,실!$D:$D,실!$B:$B,"")) | L9: =COUNTIFS(개구부!C:C, B9, 개구부!D:D, "window") -> 0 | M9: =COUNTIFS(개구부!C:C, B9, 개구부!D:D, "<>window") -> 0
K10: =IF(C10="","",_xlfn.XLOOKUP(C10,실!$D:$D,실!$B:$B,"")) | L10: =COUNTIFS(개구부!C:C, B10, 개구부!D:D, "window") -> 0 | M10: =COUNTIFS(개구부!C:C, B10, 개구부!D:D, "<>window") -> 0
K11: =IF(C11="","",_xlfn.XLOOKUP(C11,실!$D:$D,실!$B:$B,"")) | L11: =COUNTIFS(개구부!C:C, B11, 개구부!D:D, "window") -> 0 | M11: =COUNTIFS(개구부!C:C, B11, 개구부!D:D, "<>window") -> 0
K12: =IF(C12="","",_xlfn.XLOOKUP(C12,실!$D:$D,실!$B:$B,"")) | L12: =COUNTIFS(개구부!C:C, B12, 개구부!D:D, "window") -> 0 | M12: =COUNTIFS(개구부!C:C, B12, 개구부!D:D, "<>window") -> 0
K13: =IF(C13="","",_xlfn.XLOOKUP(C13,실!$D:$D,실!$B:$B,"")) | L13: =COUNTIFS(개구부!C:C, B13, 개구부!D:D, "window") -> 0 | M13: =COUNTIFS(개구부!C:C, B13, 개구부!D:D, "<>window") -> 0
K14: =IF(C14="","",_xlfn.XLOOKUP(C14,실!$D:$D,실!$B:$B,"")) | L14: =COUNTIFS(개구부!C:C, B14, 개구부!D:D, "window") -> 0 | M14: =COUNTIFS(개구부!C:C, B14, 개구부!D:D, "<>window") -> 0
K15: =IF(C15="","",_xlfn.XLOOKUP(C15,실!$D:$D,실!$B:$B,"")) | L15: =COUNTIFS(개구부!C:C, B15, 개구부!D:D, "window") -> 0 | M15: =COUNTIFS(개구부!C:C, B15, 개구부!D:D, "<>window") -> 0
... K400: =IF(C400="","",_xlfn.XLOOKUP(C400,실!$D:$D,실!$B:$B,"")) | L400: =COUNTIFS(개구부!C:C, B400, 개구부!D:D, "window") -> 0 | M400: =COUNTIFS(개구부!C:C, B400, 개구부!D:D, "<>window") -> 0

Sheet 개구부
B2: 이름 | C2: 소속 면 | D2: 유형 | E2: 면적 [m2] | F2: 구조체 이름 | G2: 블라인드 | I2: 개구부_근거

Sheet 구조체_면
B1: *리모델링이후 단열재 보강 시, 기존벽체의 레이어구성 모르는 경우, 법규기준벽체 레이어 위치 입력 | D1: 외부 <- | M1: 내부 ->
B2: 이름 | C2: 법규기준벽체 레이어순서 | D2: 레이어1_재료 | E2: 레이어1_두께 [mm] | F2: 레이어2_재료 | G2: 레이어2_두께 [mm] | H2: 레이어3_재료 | I2: 레이어3_두께 [mm] | J2: 레이어4_재료 | K2: 레이어4_두께 [mm] | L2: 레이어5_재료 | M2: 레이어5_두께 [mm] | O2: 구조체_근거

Sheet 구조체_개구부
B2: 이름 | C2: 투명여부 | D2: 열관류율 [W/m2·K] | E2: 태양열취득계수 | G2: 개구부구조체_근거

Sheet 용도프로필
B2: 프로필 이름
B3: 실 주용도
B4: 상주인원 수 [명]
B5: 상주인원 재실시작시간
B6: 상주인원 재실종료시간
B7: 방문인원 수 [명]
B8: 방문인원 체류시간 [분]
B9: 재실운영 시작월
B10: 재실운영 종료월
B11: 상주인원 요일
B12: 방문인원 요일
B13: 난방설비 시작시간
... B32: 냉방설비2 설정온도

Sheet 공급설비
B2: 이름 | C2: 유형 | D2: 냉방COP [W/W] | E2: 냉방용량 [W] | F2: 난방용량 [W] | G2: 대수 | H2: 생산설비명 | I2: 공급 실 | K2: 공급설비_근거

Sheet 생산설비
B2: 이름 | C2: 유형 | D2: 냉방용량 [W] | E2: 난방용량 [W] | F2: 냉방COP [W/W] | G2: 난방COP [W/W] | H2: 효율 [%] | I2: 급탕용 | J2: 연료종류 | K2: 압축기 종류 | L2: 냉각탑 종류 | M2: 냉각탑 용량 [W] | N2: 냉각탑 제어방식 | O2: 연동보일러 효율 [%] | Q2: 생산설비_근거

Sheet 환기설비
B2: 이름 | C2: 난방효율 [%] | D2: 냉방효율 [%] | E2: 용량 [CMH] | F2: 대수 | G2: 공급 실 | I2: 환기설비_근거

Sheet PV패널
B2: 이름 | C2: 면적 | D2: 효율 [%] | E2: 방위각 [°] | F2: 경사각 [°] | H2: PV패널_근거

Sheet 재료
B2: 이름 | C2: 열전도율 [W/m·K] | D2: 밀도 [kg/m3] | E2: 비열 [J/kg·K]
B3: 시멘트벽돌 | C3: 0.6 | D3: 464 | E3: 880
B4: 내화벽돌 | C4: 0.99 | D4: 1920 | E4: 790
B5: 타일 | C5: 1.3 | D5: 1920 | E5: 1260
B6: 콘크리트블록(경량) | C6: 0.7 | D6: 512 | E6: 880
B7: 콘크리트블록(중량) | C7: 1 | D7: 800 | E7: 920
B8: 대리석 | C8: 2.8 | D8: 2560 | E8: 790
B9: 화강암 | C9: 3.3 | D9: 2560 | E9: 790
B10: 천연슬레이트 | C10: 1.5 | D10: 1920 | E10: 1260
B11: 파티클보드 | C11: 0.15 | D11: 400 | E11: 1300
B12: 석고보드 | C12: 0.18 | D12: 800 | E12: 1090
B13: 목재(가벼움) | C13: 0.14 | D13: 608 | E13: 1630
B14: 목재(중간) | C14: 0.17 | D14: 608 | E14: 1630
... B90: 열반사 단열재(50T) | C90: 0.05 | D90: 70 | E90: 2300

Sheet 참조
A1: surface_type | B1: boundary_cond | C1: transparent_type | D1: 용도프로필 | E1: 투명여부 | F1: 공급설비 | G1: 생산설비 | H1: 연료 | I1: 압축기_유형 | J1: 냉각탑 | K1: 냉각탑_제어 | L1: binary | M1: 주소지 | N1: version | O1: 기상데이터 | P1: 실제기상제공연도 | Q1: 용도 | R1: binary2 | S1: 일사조절장치 | T1: 레이어순서 | U1: 외기벽
A2: floor | B2: ground | C2: window | D2: 주거공간 | E2: 투명 | F2: 패키지에어컨 | G2: 히트펌프 | H2: 전기 | I2: 터보식 | J2: 밀폐형 | K2: single-speed | L2: TRUE | M2: 강원특별자치도 강릉시 | N2: 20250813 | O2: 표준기상(TMY) | P2: 2018 | Q2: 공동주택 | R2: O | S2: 없음 | T2: 참조안함 | U2: {=_xlfn._xlws.FILTER( 면!$B$3:$B$672, (면!$E$3:$E$672="outdoors")* (면!$D$3:$D$672="wall")* (면!$B$3:$B$672<>""), "" )}
A3: wall | B3: outdoors | C3: glassdoor | D3: 소규모사무실 | E3: 불투명 | F3: 공조기 | G3: 지열히트펌프 | H3: 도시가스 | I3: 스크류식 | J3: 개방형 | K3: two-speed | L3: FALSE | M3: 강원특별자치도 고성군 | O3: 실제기상(AMY) | P3: 2019 | Q3: 공동주택 외 | R3: - | S3: 수평외부차양 | T3: 최외측
A4: ceiling | B4: zone | C4: door | D4: 대규모사무실 | F4: 팬코일유닛 | G4: 냉동기 | H4: LPG | I4: 왕복동식 | M4: 강원특별자치도 동해시 | P4: 2020 | S4: 수직외부차양 | T4: 레이어1 뒤
B5: adiabatic | D5: 회의 및 세미나실 | F5: 방열기 | G5: 흡수식냉동기 | H5: 난방유 | M5: 강원특별자치도 삼척시 | P5: 2021 | S5: 외부블라인드 | T5: 레이어2 뒤
D6: 강당 | F6: 전기방열기 | G6: 지역난방 | H6: 지역난방 | M6: 강원특별자치도 속초시 | P6: 2022 | S6: 내부블라인드 | T6: 레이어3 뒤
D7: 구내식당 | F7: 바닥난방 | G7: 보일러 | M7: 강원특별자치도 양구군 | P7: 2023 | T7: 레이어4 뒤
D8: 화장실 | F8: 전기바닥난방 | M8: 강원특별자치도 양양군 | P8: 2024 | T8: 최내측
D9: 그 외 체류공간 | M9: 강원특별자치도 영월군 | P9: 2025
D10: 부속공간 | M10: 강원특별자치도 원주시
D11: 창고/설비/문서실 | M11: 강원특별자치도 인제군
D12: 전산실 | M12: 강원특별자치도 정선군
D13: 주방 및 조리실 | M13: 강원특별자치도 철원군
D14: 병실 | M14: 강원특별자치도 춘천시
D15: 객실 | M15: 강원특별자치도 태백시
D16: 강의실 | M16: 강원특별자치도 평창군
D17: 매장 | M17: 강원특별자치도 홍천군
D18: 전시실 | M18: 강원특별자치도 화천군
D19: 열람실 | M19: 강원특별자치도 횡성군
D20: 체육시설 | M20: 경기도 가평군
D21: 교실(초중고) | M21: 경기도 고양시 덕양구
D22: 교실(어린이집) | M22: 경기도 고양시 일산동구
M23: 경기도 고양시 일산서구
M24: 경기도 과천시
M25: 경기도 광명시
M26: 경기도 광주시
M27: 경기도 구리시
M28: 경기도 군포시
M29: 경기도 김포시
M30: 경기도 남양주시
M31: 경기도 동두천시
M32: 경기도 부천시 소사구
M33: 경기도 부천시 오정구
M34: 경기도 부천시 원미구
... M253: 충청북도 충주시

Sheet 용도프로필 참조DB
A1: 용도프로필_목록
A2: {=IFERROR(_xlfn.TOCOL(_xlfn._xlws.FILTER(용도프로필!$C$2:$ZZ$2,용도프로필!$C$2:$ZZ$2<>""),1),"")}

Sheet 행정구역DB
A1: 행정구역명 | B1: 20180901 | C1: 20010117 | D1: 19870721 | E1: 19840317 | F1: 19000101
A2: 서울특별시 종로구 | B2: 중부2 | C2: 중부1 | D2: 중부1 | E2: 중부1 | F2: 중부1
A3: 서울특별시 중구 | B3: 중부2 | C3: 중부1 | D3: 중부1 | E3: 중부1 | F3: 중부1
A4: 서울특별시 용산구 | B4: 중부2 | C4: 중부1 | D4: 중부1 | E4: 중부1 | F4: 중부1
A5: 서울특별시 성동구 | B5: 중부2 | C5: 중부1 | D5: 중부1 | E5: 중부1 | F5: 중부1
A6: 서울특별시 광진구 | B6: 중부2 | C6: 중부1 | D6: 중부1 | E6: 중부1 | F6: 중부1
A7: 서울특별시 동대문구 | B7: 중부2 | C7: 중부1 | D7: 중부1 | E7: 중부1 | F7: 중부1
A8: 서울특별시 중랑구 | B8: 중부2 | C8: 중부1 | D8: 중부1 | E8: 중부1 | F8: 중부1
A9: 서울특별시 성북구 | B9: 중부2 | C9: 중부1 | D9: 중부1 | E9: 중부1 | F9: 중부1
A10: 서울특별시 강북구 | B10: 중부2 | C10: 중부1 | D10: 중부1 | E10: 중부1 | F10: 중부1
A11: 서울특별시 도봉구 | B11: 중부2 | C11: 중부1 | D11: 중부1 | E11: 중부1 | F11: 중부1
A12: 서울특별시 노원구 | B12: 중부2 | C12: 중부1 | D12: 중부1 | E12: 중부1 | F12: 중부1
... A253: 제주특별자치도 서귀포시 | B253: 제주도 | C253: 제주도 | D253: 제주도 | E253: 제주도 | F253: 제주도

Sheet 열관류율DB
A1: 시행일자 | B1: 부위 | C1: 외기조건 | D1: 용도 | E1: 지역 | F1: 열관류율
A2: 43344 | B2: 외벽 | C2: 외기 직접 | D2: 공동주택 | E2: 중부1 | F2: 0.15
A3: 43344 | B3: 외벽 | C3: 외기 직접 | D3: 공동주택 외 | E3: 중부1 | F3: 0.17
A4: 43344 | B4: 외벽 | C4: 외기 간접 | D4: 공동주택 | E4: 중부1 | F4: 0.21
A5: 43344 | B5: 외벽 | C5: 외기 간접 | D5: 공동주택 외 | E5: 중부1 | F5: 0.24
A6: 43344 | B6: 최상층 지붕 | C6: 외기 직접 | D6: 공동주택 | E6: 중부1 | F6: 0.15
A7: 43344 | B7: 최상층 지붕 | C7: 외기 간접 | D7: 공동주택 | E7: 중부1 | F7: 0.21
A8: 43344 | B8: 최상층 지붕 | C8: 외기 직접 | D8: 공동주택 외 | E8: 중부1 | F8: 0.15
A9: 43344 | B9: 최상층 지붕 | C9: 외기 간접 | D9: 공동주택 외 | E9: 중부1 | F9: 0.21
A10: 43344 | B10: 바닥난방인 최하층 바닥 | C10: 외기 직접 | D10: 공동주택 | E10: 중부1 | F10: 0.15
A11: 43344 | B11: 바닥난방이 아닌 최하층 바닥 | C11: 외기 직접 | D11: 공동주택 | E11: 중부1 | F11: 0.17
A12: 43344 | B12: 바닥난방인 최하층 바닥 | C12: 외기 간접 | D12: 공동주택 | E12: 중부1 | F12: 0.21
A13: 43344 | B13: 바닥난방이 아닌 최하층 바닥 | C13: 외기 간접 | D13: 공동주택 | E13: 중부1 | F13: 0.24
... A1345: 2 | B1345: 바닥난방이 아닌 층간바닥 | C1345: 외기 간접 | D1345: 공동주택 외 | E1345: 제주도 | F1345: 1.74

Sheet 용도프로필DB
A1: 용도 | B1: 사용시작시간 | C1: 사용종료시간 | D1: 운전시작시간 | E1: 운전종료시간 | F1: 최소도입외기량 | G1: 급탕요구량 | H1: 조명시간 | I1: 사람 | J1: 작업보조기기 | K1: 난방설정온도 | L1: 냉방설정온도 | M1: 사용시간
B2: hh:mm | C2: hh:mm | D2: hh:mm | E2: hh:mm | F2: m³/(m²h) | G2: Wh/(m²d) | H2: h | I2: Wh/(m²d) | J2: Wh/(m²d) | K2: °C | L2: °C | M2: h
A3: 주거공간 | B3: 00:00 | C3: 24:00 | D3: 00:00 | E3: 24:00 | F3: 1.1 | G3: 84 | H3: 5 | I3: 53 | J3: 52 | K3: 20 | L3: 26 | M3: 24
A4: 소규모사무실 | B4: 09:00 | C4: 18:00 | D4: 07:00 | E4: 18:00 | F4: 4 | G4: 30 | H4: 6 | I4: 30 | J4: 42 | K4: 20 | L4: 26 | M4: 9
A5: 대규모사무실 | B5: 09:00 | C5: 18:00 | D5: 07:00 | E5: 18:00 | F5: 6 | G5: 30 | H5: 9 | I5: 55.8 | J5: 126 | K5: 20 | L5: 26 | M5: 9
A6: 회의 및 세미나실 | B6: 07:00 | C6: 18:00 | D6: 07:00 | E6: 18:00 | F6: 15 | G6: 30 | H6: 11 | I6: 96 | J6: 8 | K6: 20 | L6: 26 | M6: 11
A7: 강당 | B7: 07:00 | C7: 18:00 | D7: 07:00 | E7: 18:00 | F7: 2 | G7: 30 | H7: 11 | I7: 36 | J7: 24 | K7: 20 | L7: 26 | M7: 11
A8: 구내식당 | B8: 08:00 | C8: 15:00 | D8: 08:00 | E8: 15:00 | F8: 18 | G8: 1250 | H8: 7 | I8: 177 | J8: 10 | K8: 20 | L8: 26 | M8: 7
A9: 화장실 | B9: 07:00 | C9: 18:00 | D9: 07:00 | E9: 18:00 | F9: 15 | G9: 0 | H9: 11 | I9: 0 | J9: 0 | K9: 20 | L9: 26 | M9: 11
A10: 그 외 체류공간 | B10: 07:00 | C10: 18:00 | D10: 07:00 | E10: 18:00 | F10: 7 | G10: 30 | H10: 11 | I10: 96 | J10: 8 | K10: 20 | L10: 26 | M10: 11
A11: 부속공간 | B11: 07:00 | C11: 18:00 | D11: 07:00 | E11: 18:00 | F11: 0.15 | G11: 0 | H11: 11 | I11: 0 | J11: 0 | K11: 20 | L11: 26 | M11: 11
A12: 창고/설비/문서실 | B12: 07:00 | C12: 18:00 | D12: 07:00 | E12: 18:00 | F12: 0.15 | G12: 0 | H12: 11 | I12: 0 | J12: 0 | K12: 20 | L12: 26 | M12: 11
A13: 전산실 | B13: 00:00 | C13: 24:00 | D13: 00:00 | E13: 24:00 | F13: 1.3 | G13: 30 | H13: 12 | I13: 15 | J13: 1800 | K13: 20 | L13: 26 | M13: 24
A14: 주방 및 조리실 | B14: 08:00 | C14: 15:00 | D14: 08:00 | E14: 15:00 | F14: 90 | G14: 0 | H14: 7 | I14: 56 | J14: 1800 | K14: 20 | L14: 26 | M14: 7
... A23: 체육시설 | B23: 08:00 | C23: 23:00 | D23: 08:00 | E23: 23:00 | F23: 3 | G23: 220 | H23: 15 | I23: 60 | J23: 0 | K23: 20 | L23: 26 | M23: 15
